x,y,mu,first body,second body,Normal direction
0,0,0.5,0,1,1.570796327
60,60,0.5,1,2,3.141592654
60,0,0.5,0,2,1.570796327
72,0,0.5,0,2,1.570796327
