x, y, mu, first body, second body, normal direction
0,0,0.3,0,1,1.570796327
47,0,0.3,0,1,1.570796327
49,85,0.3,1,3,3.926990817
74,45,0.3,1,3,3.926990817
127,45,0.3,2,3,5.497787144
151,85,0.3,2,3,5.497787144
152,0,0.3,0,2,1.570796327
200,0,0.3,0,2,1.570796327
