#ID1,ID2,COST
2,1,0.624022213327394
3,2,0.3073618314850174
4,3,0.07651518162254861
5,4,0.09960191289387471
6,3,0.38500929697508696
7,6,0.28423773682409076
8,2,0.2560297330150791
9,6,0.3512684702684231
10,5,0.1852893469282449
11,9,0.38976924406736435
