#ID1,ID2,COST
2,1,1.1867223808703724
3,1,0.7411407298671158
4,2,0.2724474677128267
5,3,0.25149352900098737
6,3,0.2236578206494466
7,5,0.3103410708251807
8,1,0.09551120596946953
9,4,0.06813385700513018
10,7,0.37440665739160184
11,2,0.33684928688674054
