#ID1,ID2,COST
2,1,0.4589893576567384
3,2,0.2178131126165111
4,2,0.4448949524144012
5,4,0.13137333064776863
6,4,0.34466315237572465
7,6,0.12076256070577734
8,4,0.2956723507911459
9,6,0.08837595096843034
10,6,0.2171719789771241
11,5,0.42030847541903377
