#ID,X,Y
1,-0.5,-0.5
2,-0.140976939392928,-0.2140390369395221
3,-0.004647368462653345,-0.3839119309445992
4,0.06836890825906805,0.17852412327126432
5,0.13486693400182448,0.29182445238730725
6,-0.2661474958323845,0.2615389653134921
7,-0.37040435319268683,0.32248241255411125
8,0.24507302663960095,-0.05853661487345896
9,-0.19398207782218413,0.21052464229546652
10,-0.41976270976785457,0.10802663844558158
11,0.5,0.5
