#ID,X,Y
1,-0.5,-0.5
2,0.11742224395988543,-0.4094820714468149
3,-0.0026140743333137317,-0.1265287577280355
4,0.060295012016640115,-0.1700835493512961
5,0.1056106033355928,-0.08138722340972926
6,-0.18337388894570095,0.2134095428186168
7,-0.42872791755985185,0.06990870073855271
8,-0.13859251008646412,-0.40671261331211783
9,0.1408911968901071,0.34847135204910984
10,0.2412503337289721,0.044842747769491376
11,0.5,0.5
